BBV,BBCC,DBB,Vacasa
Walk To Bear Mountain Ski Resort,PlayStation 4 plus VR,Water Front,"1 King Bed, 1 Queen Bed, 1 Twin Bed"
Pool Table,Dishwasher,Floors: 2.5,1 Bedroom
Walk To Lake,View:Mountain,Neighborhood: Village,Jetted tub
Hot Tub (Spa),Smart TVs,Tennis Courts,"872 Tehama Dr, Big Bear Lake, CA 92315"
Walk To Snow Summit Ski Resort,TV:5,Baths: 5,"42666 Falcon Avenue, Big Bear Lake, CA 92315"
Boulder Creek Resort,Horse Shoe Pit,Deposit: $1300.00,Deck
WiFi,ESPN Sports Package,Deck,Max Occupancy: 6
Fenced Yard,Barbecue,Gas Range,Fireplace
Pets Welcome,Grill/BBQ:Charcoal,Neighborhood: Villlage,"1 King Bed, 2 Double Bed, 2 Twin Bed"
NO PETS PLEASE,Jet Tub:2,Deposit: $2500.00,"43093 Bear Creek Ct. , Big Bear Lake, CA 92315"
Streaming TV (Must Have Own Account Log In),Hot Tub,Occupancy: 13,Wood-burning fireplace
Cable / Satellite Provided,Skiing:Less than 2 Miles,Deposit: $1200.00,Fridge
Deck,Skiing:2-5 Miles,Baths: 2,"1 Double Bed, 6 Twin Bed, 1 Futon"
Extended Stay - MUST BOOK BY PHONE*,Garage:3 Car,Lake View,Cable :Charter
Game Table,Surround Sound System,Parking,"1027 Clubview Drive, Big Bear Lake, CA 92315"
Smart TV (Streaming Apps- FREE ACCESS),Back to National Forest,Fireplace,"576 Wren Dr., Big Bear Lake, CA 92315"
NO AIR CONDITIONING IN BIG BEAR PRIVATE RENTALS,Roku Netflix,Occupancy: 15,"1 King Bed, 2 Double Bed, 4 Twin Bed, 1 Futon"
Streaming TV (Apple/Roku- FREE ACCESS),3 Units,Neighborhood: Boulder Bay,"466 SPRUCE, Sugarloaf, CA 92314"
PRIDE Package,Apple TV,Deposit: $300.00,"1 King Bed, 6 Twin Bed, 1 Sofa Bed"
Featured Homes & Cabins,Large Screen TVs,Neighborhood: Bear Mtn Moonridge,Max Occupancy: 16
SENSITIVE-NO DISCOUNTS-2+ Nights-NO ECI/LCO,Gourmet Kitchen,Taxes and Fees:,"42725 Cougar Rd, Big Bear Lake, CA 92315"
BBQ (Charcoal),Video Library,Rental:,Beach towels
Big Bear Village ( 1 Mile ),Large Upper Deck,Baths: 6,"2 Queen Bed, 1 Double Bed"
Central Heat,Garage:2 Car,Deposit: $500.00,"753 Mountain Sky Dr, Big Bear Lake, CA 92315"
Eagle Point Estates,Close to National Forest,Parking Spaces: 1,Stove
Boat Dock (Water Levels Pending-Seasonal),Cable TVs,Internet: Yes,"2 Queen Bed, 1 Futon, 1 Sofa Bed"
Garage Access,Large Deck,Parking Spaces: 4,"816 Robinhood Blvd, Big Bear City, CA 92314"
Single Story,Style:Home,Parking Spaces: 7,"569 Summit Blvd unit #3, Big Bear Lake, CA 92315"
Fireplace (Wood),"Books, Puzzles and Games",Parking Spaces: 2,Hot tub :Private
TravelZoo,DVD:5,Baths: 2.5,Propane/gas home :Gas
Ski Slope View,Bumper Pool,Baths: 1,3 Bedrooms Plus Loft
Walk To Ski Resort Shuttle Pickup,Area:Erwin Lake,Fitness Center,Netflix streaming
Lakefront Location (Water Levels Pending),Putting Green,Occupancy: 4,"933 Nana Ave., Big Bear City, CA 92314"
Jetted Spa Tub,2 Units,Floors: 1,"1377 Clubview Dr #17 , Big Bear Lake, CA 92315"
Log Homes,Darts,Neighborhood: Moonridge,Dog Friendly (40 lb weight limit)
Castle Glen Estates,Walk to Golf Course,Neighborhood: Summit Lake,Max Occupancy: 10
Walk To Dining or Shops,Large Gazebo,Occupancy: 16,Golf on-site
Groupon,Foosball,Occupancy: 8,"135 Lake Dr, Big Bear Lake, CA 92315"
Washer/Dryer,HBO GO,Deposit: $400.00,"1 Queen Bed, 1 Double Bed"
Lakeview,Air Hockey,Deposit: $1400.00,Internet
BBQ (Propane/Natural Gas),Pellet Stove Fireplace,Deposit: $800.00,"40092 Hillcrest Drive, Big Bear Lake, CA 92315"
Walk To Golf Course,DVD,Bedrooms: 2,Max Occupancy: 9 (6 Adults)
Walk To Marina,Two Decks,Neighborhood: Big Bear City,"1 King Bed, 2 Queen Bed, 1 Futon"
Fireplace (Gas),Board Games,Luxury Cabin: No,"42637 Falcon Ave, Big Bear Lake, CA 92315"
NO WIFI AVAILABLE- Hot Spots Accessible In Town,Towels & Linens:Provided,Wheel Chair Accessible,Microwave
Foosball Table,Gar Barbecue,Baths: 6.5,"1 King Bed, 1 Queen Bed, 1 Double Bed, 1 Twin Bed, 1 Sofa Bed"
Dishwasher,Area:Baldwin Lake,Parking Spaces: 3,5.5 Bathrooms
Shore Acres Lodge,Cable TV,Pet Friendly: No,Wood stove
AirBnB Rounding Adjustment,Swimming Pool,Neighborhood: Big Bear West,"788 Raleigh Dr, Big Bear City, CA 92314"
Communal Pool/Spa Access (Summer),Basketball Court,Occupancy: 6,"38620 Talbot Dr, Big Bear Lake, CA 92315"
Wall Heater,Area:Walk to Bear Mtn,Occupancy: 3,"42536 Cedar ave, Big Bear Lake, CA 92315"
,Mountain Views,Bedrooms: 3,"41893 Evergreen Dr Unit A, Big Bear Lake, CA 92315"
,Area:Sugarloaf,Deposit: $200.00,Gas fireplace
,Skiing:Nearby,Club House,"597 Cedar Lane, Sugarloaf, CA 92386"
,Smart TV,Pet Friendly: Yes,Ping-pong table
,Sledding Area,Deposit: $2000.00,"2 King Bed, 6 Queen Bed"
,Large Screen TV,Game Table: Internet: Yes,Dock
,Play Station 2,Bedrooms: 1,"40063 Lakeview Dr, Big Bear Lake, CA 92315"
,Area:Big Bear City,Baths: 4.5,"1 King Bed, 3 Twin Bed"
,TV:7,Pool,"718 Silver Tip Drive, Big Bear Lake, CA 92315"
,Fireplaces,Game Table: No,Patio
,WiFi,Deposit: $750.00,"42583 Peregrine Ave, Big Bear Lake, CA 92315"
,Walk to Slopes,Occupancy: 9,"1156 Wendy Ave, Big Bear City, CA 92314"
,Brick Fireplace,Neighborhood: Snow Summit,"43544 Ridgecrest Drive, Big Bear Lake, CA 92315"
,Bonus Room,Laundry,"593 Wabash Ave., Sugarloaf, CA 92386"
,HBO,Occupancy: 10,"40256 Esterly Ln, Big Bear Lake, CA 92315"
,Area:Lower Moonridge,Baths: 1.5,"1 King Bed, 1 Queen Bed, 2 Twin Bed"
,Poker Table,Baths: 3.5,Space heater
,DVD Collection,Spa Jacuzzi,"1 Queen Bed, 1 Double Bed, 1 Twin Bed"
,DVD:4,Baths: 4,"1 Queen Bed, 3 Double Bed, 3 Twin Bed, 1 Futon"
,Golf:Bear Mountain Golf,Hot Tub: No,Cable :Dish Network
,Jet Ski Ramp,Baths: 3,"3 Queen Bed, 2 Double Bed, 1 Twin Bed"
,DVD:2,Deposit: $1000.00,"1 King Bed, 1 Twin Bed, 1 Futon"
,Hot Tub:Indoor,Bedrooms: 4,2.5 Bathrooms
,Pool:Community,Neighborhood: Castle Glen,"862 Ravine Rd , Big Bear Lake, CA 92315"
,Fireplace:2,Floors: 2,"104 Deer Horn Dr., Big Bear City, CA 92314"
,Fenced Yard,Baths: 7,"426 Chip-O-Wood, Big Bear Lake, CA 92314"
,Cinemax,Luxury Cabin: Yes,Stereo
,Rock Fireplace,Internet: No,"43518 Ridgecrest Drive, Big Bear Lake, CA 92315"
,Electronic Dart Board,Hot Tub: Yes,"1058 Bruin Trail, Fawnskin, CA 92333"
,Hulu,Playground Park,"840 E. Barker Boulevard, Big Bear City, CA 92314"
,Playstation 2,Processing Fee:,"421 Crane Dr, Big Bear Lake, CA 92315"
,Area:Boulder Bay,Parking Spaces: 5,3.5 Bathrooms
,Jet Tub:1,Bedrooms: 8,"1033 E. Country Club Bl. , Big Bear City, CA 92314"
,Pets Allowed:1 Dog Maximum,Baths: 8,3 Queen Bed
,Crib,Yard,"1 King Bed, 2 Twin Bed"
,Jet Tub:3,Neighborhood: Upper Moonridge,HBO streaming
,Gas & Charcoal Barbecue,Bedrooms: 6,Ski-in/ski-out
,Jet tub,Bedrooms: 7,"2 Queen Bed, 1 Twin Bed, 1 Futon"
,Deck:2,Cleaning Fee:,"2 Queen Bed, 1 Double Bed, 1 Futon"
,Walk to Convention Center,Bedrooms: 5,"41569 Swan Dr. , Big Bear Lake, CA 92315"
,Grill/BBQ:Natural Gas,Occupancy: 12,Foosball table
,Arcade Games,Deposit: $1500.00,Partial AC
,Next to National Forest,Parking Spaces: 6,"1 Queen Bed, 4 Twin Bed"
,Close to Lake,Carpeted Floors,"1 King Bed, 1 Queen Bed, 6 Twin Bed"
,Newly Remodeled,Patio,"39882 Lakeview Dr, Big Bear Lake, CA 92315"
,Fireplace:3,Neighborhood: Lower Moornidge,"420 W Country Club Blvd, Big Bear City, CA 92314"
,Style:Condo Slope,Game Table: Yes,"42203 Evergreen Dr, Big Bear Lake, CA 92315"
,Style:Lakefront,Floors: 4,Waterfront
,Wii Game Console,Occupancy: 7,"42742 Willow Ave, Big Bear Lake, CA 92315"
,Walk to Shuttle,Occupancy: 5,"1 King Bed, 2 Queen Bed, 3 Futon"
,Gas Baebecue,Neighborhood: Fox Farm,"41431 Comstock Lane, Big Bear Lake, CA 92315"
,Two Fireplaces,Wood Floors,6 Bathrooms
,Lake Views,Deposit: $600.00,"43521 Villa Grove Ave, Big Bear Lake, CA 92315"
,Pool Table,Baths: 5.5,"41688 McWhinney Lane, Big Bear Lake, CA 92315"
,Backs to National Forest,Floors: 3,"41815 Brownie Lane, Big Bear Lake, CA 92315"
,View:Forest,Occupancy: 11,"1 King Bed, 1 Queen Bed, 1 Double Bed, 2 Twin Bed"
,Back Deck,Central AC,Crib
,Slope Views,Neighborhood: Fawnskin,Internet :Charter
,3 Jacuzzi Steam Showers,Occupancy: 14,"2 Double Bed, 3 Twin Bed"
,Walk to National Forest,Parking Spaces: 8,"39380 Northshore Drive, Fawnskin, CA 92333"
,Garage,Neighborhood: Lower Moonridge,"204 Vista Avenue, Sugarloaf, CA 92386"
,Forest Views,Alarm,"715 Cameron, Big Bear Lake, CA 92315"
,Skiing:Less than a mile,Baths: 3.75,"43331 Deer Canyon Dr, Big Bear Lake, CA 92315"
,Laundry:Washer/Dryer,,"42550 La Placida, Big Bear Lake, CA 92315"
,Area:Fox Farm,,"2 Queen Bed, 1 Double Bed, 5 Twin Bed"
,Soft Sand Volleyball Court,,Cable
,Horseshoes,,DVD player
,Close to Bear Mountain,,"1 King Bed, 1 Queen Bed, 1 Double Bed, 1 Twin Bed"
,Lakefront:Complex,,"42420 Fox Farm Road, Big Bear Lake, CA 92315"
,Fireplace:Gas and Wood,,"7 King Bed, 10 Twin Bed"
,Movie Library,,"438 Crane Dr, Big Bear Lake, CA 92315"
,Walk to Lake,,"1 King Bed, 2 Queen Bed"
,Movies,,"154 Lodgepole Place, Big Bear Lake, CA 92315"
,Barbecues,,"1 King Bed, 1 Queen Bed, 3 Double Bed, 6 Twin Bed"
,Netflix HD,,7 Bathrooms
,Larges Screen TV's,,"2 Queen Bed, 2 Twin Bed, 1 Sofa Bed"
,Walk to Bear Mountain,,Sauna :Private
,Loft,,"44466 Valley View Ln, Big Bear City, CA 92314"
,3 Charcoal Barbecues,,"1 Queen Bed, 1 Double Bed, 3 Twin Bed"
,Air Hockey Table,,Gym/fitness room
,Showtime,,Max Occupancy: 4
,Fireplace:Wood,,Dishwasher
,Foosball Tables,,"1 Queen Bed, 3 Twin Bed"
,Stereo,,Sleeps 7 Comfortably
,Flat Screen TVs,,"2 Queen Bed, 4 Twin Bed"
,View:Lake,,"2 King Bed, 2 Queen Bed, 2 Futon"
,Satellite TV,,"42653 Constellation Drive, Big Bear Lake, CA 92315"
,Walk to Snow Summit,,1 Dog Max (18 lb weight limit)
,Area:Fawnskin,,"42854 Hawk Dr, Big Bear Lake, CA 92315"
,Fireplace:Gas,,Pool table :Private
,Tennis,,1.5 Bathrooms
,DVD:3,,"3 Queen Bed, 1 Twin Bed"
,Firestick,,"1 Queen Bed, 3 Double Bed, 1 Sofa Bed"
,Fireplace:Electric,,"735 Tayles Point Road, Big Bear Lake, CA 92315"
,Surround Sound,,"1 King Bed, 1 Queen Bed, 4 Twin Bed"
,"HBO, Showtime, Cinemax",,"637 Villa Grove Avenue, Big Bear City, CA 92314"
,Area:Walk to Snow Summit,,"301 Starlight Cir, Big Bear Lake, CA 92315"
,Roku,,"526 W Rainbow Blvd, Big Bear City, CA 92314"
,Swimming Pools,,"1 King Bed, 3 Queen Bed, 1 Sofa Bed"
,Boat Dock,,No Pets
,Skiing:Walk to Ski,,"207 Pinecrest Dr, Big Bear Lake, CA 92315"
,2 Fireplaces,,4WD/Traction May Be Required In Winter
,Foosball Table,,Children's games
,Fireplace,,"430 Crane Dr., Big Bear Lake, CA 92315"
,Skiing:6-10 Miles,,"2 Queen Bed, 2 Twin Bed"
,Sling TV,,Water view
,Washer/Dryer,,Baby gates
,Dart Board,,"40203 Dream St, Big Bear Lake, CA 92315"
,View:Slope,,"41764 Brownie Ln Unit 6, Big Bear Lake, CA 92315"
,TV:6,,"787 Berkley Ln , Big Bear Lake, CA 92315"
,TV,,Max Occupancy: 7
,Internet,,"1 King Bed, 1 Queen Bed"
,Jet Tub,,"1315 Siskiyou Dr, Big Bear Lake, CA 92315"
,Hulu Plus,,Max Occupancy: 8
,5 Units,,"1 King Bed, 4 Double Bed, 4 Twin Bed"
,Piano,,"41436 Park Avenue , Big Bear Lake, CA 92315"
,Condo,,"670 imperial avenue , Sugarloaf, CA 92386"
,Deck:3,,Firepit
,No Pets Allowed,,"40179 Lakeview Drive , Big Bear Lake, CA 92315"
,Multiple Decks,,"1 King Bed, 1 Queen Bed, 2 Double Bed, 2 Twin Bed"
,2 Swimming Pools,,"42603 Willow Ave, Big Bear Lake, CA 92315"
,Book Library,,"211 Highland , Sugarloaf, CA 92386"
,Upper Moonridge,,"3 Queen Bed, 2 Sofa Bed"
,Grill/BBQ:Gas,,Central AC
,Bumper pool,,"1080 Antelope Mountain Dr., Big Bear City, CA 92314"
,Style:Condo Lake,,VCR
,Decks,,"1 King Bed, 1 Queen Bed, 2 Double Bed, 1 Twin Bed, 1 Futon, 1 Sofa Bed"
,Pool Table:Club,,"609 Conklin Road, Big Bear Lake, CA 92315"
,2 Charcoal Barbecues,,Game room
,Game Room,,"4 Queen Bed, 2 Futon"
,Big Screen TV,,"880 Highland Ln , Sugarloaf, CA 92386"
,TV:4,,"1 King Bed, 2 Queen Bed, 2 Twin Bed"
,Wood Burning Fireplace,,"41632 Comstock , Big Bear Lake, CA 92315"
,Area:Big Bear Lake,,Max Occupancy: 2
,3 Jet Tubs,,"506 Talmadge Road, Big Bear Lake, CA 92315"
,Netflix,,"1 Double Bed, 1 Sofa Bed"
,Pets Allowed:Small Dogs Only,,Dog Friendly (15 lb weight limit)
,Dock,,"42594 La PlacIda, Big Bear Lake, CA 92315"
,TV:2,,Gas grill :Private
,Pool Table:Mini,,Dog Friendly (50 lb weight limit)
,Area:Upper Moonridge,,Balcony
,4 Jet Tubs,,"1 King Bed, 1 Queen Bed, 2 Double Bed, 1 Twin Bed"
,Lodge,,Max Occupancy: 11
,Bumper Pool Table,,"1039 Brookside, Fawnskin, CA 92333"
,Lakefront:Across Street,,"43850 Yosemite Dr , Big Bear Lake, CA 92315"
,Close to Village,,Max Occupancy: 7 (5 Adults)
,Tennis Court,,"1 Queen Bed, 2 Double Bed, 3 Twin Bed"
,Area:Lakefront,,Cable :DirecTV
,Ping Pong Table,,Sleeps 5 Comfortably
,4 Jacuzzi Steam Showers,,"1 Queen Bed, 4 Twin Bed, 1 Sofa Bed"
,Wood Stove Fireplace,,"3 Queen Bed, 1 Double Bed"
,Playstation 3,,"42413 Bear Loop , Big Bear City, CA 92314"
,Blu-ray DVD Player,,2 Bathrooms
,Golf:Nearby,,7 Bedrooms
,Books and Games,,"1 Queen Bed, 1 Futon"
,XBox 360,,Blu-Ray player
,Gas Fireplace,,Max Occupancy: 3
,3 Cabins,,"355 Mullins Dr., Big Bear City, CA 92314"
,Private Balcony,,Washer/dryer :Private
,Area:Village Area,,1 Bedroom Plus Loft
,Skiing:Walk to Shuttle,,"1 King Bed, 2 Queen Bed, 1 Twin Bed, 1 Sofa Bed"
,Garage:1 Car,,5 Bedrooms
,Lakefront,,TV
,Fireplace:Gas Logs,,"820 W Sherwood Blvd., Big Bear City, CA 92314"
,180 Degree Panoramic View,,Adult bikes
,Spectacular Sunset Views,,Canoe available for guest use
,Gas Barbecue,,"785 Cameron Dr, Big Bear Lake, CA 92315"
,Portable Crib,,"408 Garrick Way, Big Bear City, CA 92314"
,Walk to Park,,"43025 Encino Rd., Big Bear Lake, CA 92315"
,Sony PlayStation 2,,Tennis court :Shared
,Walk to Oktoberfest,,2 Queen Bed
,Deck,,Enclosed yard
,Pets Allowed,,Children's bikes
,Large Screen TV's,,"2 King Bed, 1 Queen Bed"
,3 Fireplaces,,"831 Edgemoore Rd, Big Bear Lake, CA 92315"
,Dog Run,,"42930 Sunset Drive, Big Bear Lake, CA 92315"
,Walk to Village,,"1 Queen Bed, 1 Twin Bed"
,Tennis Courts,,2 Twin Bed
,2 Wood Burning Stove Fireplaces,,"2 King Bed, 1 Queen Bed, 4 Twin Bed, 1 Sofa Bed"
,Seasonal Creek,,"43517 Ridgecrest Dr., Big Bear Lake, CA 92315"
,Lakeviews,,Playground
,Wet Bar,,Sleeps 4 Comfortably
,Walk to Alpine Slide,,Iron
,Style:Lodge,,Lanai
,Large Sundeck,,"2 King Bed, 2 Double Bed, 2 Twin Bed"
,Charcoal Barbecue,,"43342 Sheephorn Road, Big Bear Lake, CA 92315"
,Dual Master Bedrooms,,4 Bedrooms
,Walking Distance to Lake,,Basketball court :Private
,"Books, Movies, Games",,"128 Lagunita Ln, Big Bear Lake, CA 92315"
,Movie Channels,,"302 W Rainbow Blvd, Big Bear City, CA 92314"
,Large Yard,,"1325 Flintridge Ave, Big Bear City, CA 92314"
,Computer with Video Games,,"849 Highland Ln, Sugarloaf, CA 92386"
,Hot Tub:Private,,"441 Villa Grove Ave, Big Bear City, CA 92314"
,TV:3,,"432 Elysian Boulevard, Big Bear City, CA 92314"
,Air Conditioning,,"4 King Bed, 3 Twin Bed, 2 Sofa Bed"
,Smart TV's,,"337 Sites Way, Big Bear City, CA 92314"
,Golf:On Golf Course,,Dog Friendly
,Hot Tub:Community,,"424 Dorset Drive, Big Bear City, CA 92314"
,Walk to Zoo,,1 Dog Max
,Flat Screen TV,,Gaming system
,Close to Slopes,,3 Double Bed
,,,Max Occupancy: 14
,,,"634 Golden West Drive, Big Bear Lake, CA 92315"
,,,"125 Starvation Flats , Big Bear Lake, CA 92315"
,,,"549 Marlowe Dr, Big Bear City, CA 92314"
,,,"887 Vista Ave, Sugarloaf, CA 92386"
,,,Max Occupancy: 12
,,,Sleeps 6 Comfortably
,,,"3 Queen Bed, 2 Double Bed, 2 Twin Bed"
,,,"1 Queen Bed, 2 Double Bed"
,,,2 Dog Max (50 lb weight limit)
,,,Max Occupancy: 6 (3 Adults)
,,,Sleeps 2 Comfortably
,,,"1 King Bed, 1 Queen Bed, 1 Double Bed, 3 Twin Bed"
,,,Pack-N-Play
,,,"651 Holmes Lane, Sugarloaf, CA 92386"
,,,"3 King Bed, 1 Double Bed, 1 Twin Bed, 1 Sofa Bed, 1 Crib"
,,,"335 Arroyo Unit A, Big Bear Lake, CA 92315"
,,,Wireless router
,,,"1 Queen Bed, 2 Twin Bed, 1 Futon"
,,,"115 Wabash, Sugarloaf, CA 92386"
,,,DVD library
,,,"42646 La Cerena Ave, Big Bear Lake, CA 92315"
,,,"888 Jay Bird Ln, Big Bear Lake, CA 92315"
,,,"1 Queen Bed, 2 Twin Bed"
,,,2 Bedrooms Plus Loft
,,,Max Occupancy: 5
,,,"43418 Sheephorn Drive, Big Bear Lake, CA 92315"
,,,Max Occupancy: 5 (4 Adults)
,,,"1 Double Bed, 2 Twin Bed, 1 Futon"
,,,"43433 Sand Canyon, Big Bear Lake, CA 92315"
,,,"1 King Bed, 1 Queen Bed, 1 Sofa Bed"
,,,"524 W Rainbow Blvd, Big Bear City, CA 92314"
,,,"3 King Bed, 4 Twin Bed"
,,,"2 Queen Bed, 1 Twin Bed, 1 Sofa Bed"
,,,"1 King Bed, 2 Queen Bed, 1 Sofa Bed"
,,,1 Dog Max (15 lb weight limit)
,,,"1 King Bed, 1 Queen Bed, 4 Twin Bed, 1 Futon"
,,,"1 Queen Bed, 1 Double Bed, 1 Sofa Bed"
,,,"1 Queen Bed, 1 Futon, 1 Sofa Bed"
,,,"1 King Bed, 1 Queen Bed, 1 Double Bed, 6 Twin Bed"
,,,Sleeps 3 Comfortably
,,,"1 King Bed, 1 Double Bed, 2 Twin Bed, 1 Sofa Bed"
,,,Board games
,,,"41670 Park Ave, Big Bear Lake, CA 92315"
,,,"1 King Bed, 2 Double Bed"
,,,"485 Echo Lane, Big Bear Lake, CA 92315"
,,,Sound dock
,,,"2 King Bed, 2 Double Bed"
,,,"42628 Sonoma Drive, Big Bear Lake, CA 92315"
,,,"948 Michael Ave, Big Bear City, CA 92314"
,,,Sleeps 12 Comfortably
,,,Internet :DirecTV
,,,1 Bathroom
,,,"43181 Sand Canyon Rd. , Big Bear Lake, CA 92315"
,,,"43397 Shasta Road, Big Bear Lake, CA 92315"
,,,"337 Cinderella Dr. , Big Bear City, CA 92314"
,,,Sleeps 8 Comfortably
,,,"1 King Bed, 1 Queen Bed, 2 Twin Bed, 1 Sofa Bed"
,,,"2 Queen Bed, 1 Double Bed, 1 Twin Bed"
,,,"825 Edgemoor Rd, Big Bear Lake, CA 92315"
,,,Max Occupancy: 9
,,,"42697 Cougar Rd, Big Bear Lake, CA 92315"
,,,"857 Jaybird, Big Bear Lake, CA 92315"
,,,"1 Queen Bed, 1 Double Bed, 1 Twin Bed, 1 Sofa Bed"
,,,Max Occupancy: 8 (6 Adults)
,,,High chair
,,,"211 Orion Way, Big Bear Lake, CA 92315"
,,,"42929 Monterey Street, , Big Bear Lake, CA 92315"
,,,"1 King Bed, 3 Double Bed"
,,,"39969 Forrest Road, Big Bear Lake, CA 92315"
,,,3 Bedrooms
,,,"43201 Sand Canyon, Big Bear Lake, CA 92315"
,,,"294 Santa Clara Blvd., Big Bear Lake, CA 92315"
,,,Beach chairs
,,,"1 Queen Bed, 3 Twin Bed, 1 Sofa Bed"
,,,"1 Queen Bed, 2 Double Bed, 1 Twin Bed"
,,,"1229 Pigeon Rd., Big Bear Lake, CA 92315"
,,,"760 Butte Ave, Big Bear Lake, CA 92314"
,,,"747 Vista Avenue, Sugarloaf, CA 92314"
,,,"42707 La Cerena, Big Bear Lake, CA 92315"
,,,"425 Arroyo Drive, Big Bear Lake, CA 92315"
,,,"42546 Peregrine Ave., Big Bear Lake, CA 92315"
,,,"42565 Peregrine Ave, Big Bear Lake, CA 92315"
,,,Max Occupancy: 7 (6 Adults)
,,,"335 Arroyo Unit C, Big Bear Lake, CA 92315"
,,,2 Bedrooms
,,,"41893 Evergreen Dr. Unit B, Big Bear Lake, CA 92315"
,,,"39821 Snowball Lane, Big Bear Lake, CA 92315"
,,,"3 Queen Bed, 2 Twin Bed"
,,,2 Dog Max (70 lb weight limit)
,,,VHS library
,,,"1394 Lassen Ct., Big Bear Lake, CA 92315"
,,,2 Dog Max
,,,"1 Queen Bed, 1 Double Bed, 1 Twin Bed, 1 Futon"
,,,"40366 Cliff Ln, Big Bear Lake, CA 92315"
,,,"3 Queen Bed, 4 Twin Bed"
,,,"692 San Bernadino Avenue, Sugarloaf, CA 92386"
,,,Walk to lifts
,,,1 Queen Bed
,,,3 Bathrooms
,,,"1 Queen Bed, 2 Twin Bed, 1 Sofa Bed"
,,,"2 Queen Bed, 1 Sofa Bed"
,,,"319 S Eureka Dr, Big Bear Lake, CA 92315"
,,,"836 Lowe Drive, Big Bear Lake, CA 92315"
,,,Max Occupancy: 6 (4 Adults)
