,Link
0,https://www.bigbearcoolcabins.com/big-bear-cabin-rentals/amazing-boulder-cove
1,https://www.bigbearcoolcabins.com/big-bear-cabin-rentals/disney-dream-cabin
2,https://www.bigbearcoolcabins.com/big-bear-cabin-rentals/prescotts-place
3,https://www.bigbearcoolcabins.com/big-bear-cabin-rentals/ski-slope-retreat
4,https://www.bigbearcoolcabins.com/big-bear-cabin-rentals/summit-x-ross-roads
5,https://www.bigbearcoolcabins.com/big-bear-cabin-rentals/casa-de-oso-lakefront
6,https://www.bigbearcoolcabins.com/big-bear-cabin-rentals/big-blue-house
7,https://www.bigbearcoolcabins.com/big-bear-cabin-rentals/boulder-bay-park-view
8,https://www.bigbearcoolcabins.com/big-bear-cabin-rentals/crescenta-heights
9,https://www.bigbearcoolcabins.com/big-bear-cabin-rentals/lamb-family-cabin
10,https://www.bigbearcoolcabins.com/big-bear-cabin-rentals/seejays-retreat
11,https://www.bigbearcoolcabins.com/big-bear-cabin-rentals/frame-retreat-0
12,https://www.bigbearcoolcabins.com/big-bear-cabin-rentals/hakuna-matata
13,https://www.bigbearcoolcabins.com/big-bear-cabin-rentals/cozy-cabin-0
14,https://www.bigbearcoolcabins.com/big-bear-cabin-rentals/our-cozy-cabin
15,https://www.bigbearcoolcabins.com/big-bear-cabin-rentals/welcome-our-farmhouse
16,https://www.bigbearcoolcabins.com/big-bear-cabin-rentals/serenity-slopes
17,https://www.bigbearcoolcabins.com/big-bear-cabin-rentals/camp-quitcherbitchin
18,https://www.bigbearcoolcabins.com/big-bear-cabin-rentals/high-bear-nation
19,https://www.bigbearcoolcabins.com/big-bear-cabin-rentals/cozy-north-shore-retreat
20,https://www.bigbearcoolcabins.com/big-bear-cabin-rentals/silverado-lodge
21,https://www.bigbearcoolcabins.com/big-bear-cabin-rentals/summit-pines-cabin
22,https://www.bigbearcoolcabins.com/big-bear-cabin-rentals/knight-cabin
23,https://www.bigbearcoolcabins.com/big-bear-cabin-rentals/cozy-alphine-cabin
24,https://www.bigbearcoolcabins.com/big-bear-cabin-rentals/bear-bnb
25,https://www.bigbearcoolcabins.com/big-bear-cabin-rentals/tomahawk
26,https://www.bigbearcoolcabins.com/big-bear-cabin-rentals/three-bears-den
27,https://www.bigbearcoolcabins.com/big-bear-cabin-rentals/orsis-den
28,https://www.bigbearcoolcabins.com/big-bear-cabin-rentals/rincon-cabin
29,https://www.bigbearcoolcabins.com/big-bear-cabin-rentals/moonridge
30,https://www.bigbearcoolcabins.com/big-bear-cabin-rentals/lakefront-ranch-house
31,https://www.bigbearcoolcabins.com/big-bear-cabin-rentals/birts-nest
32,https://www.bigbearcoolcabins.com/big-bear-cabin-rentals/bear-n-tree
33,https://www.bigbearcoolcabins.com/big-bear-cabin-rentals/shangri-la
34,https://www.bigbearcoolcabins.com/big-bear-cabin-rentals/big-bear-4-seasons-lodge
35,https://www.bigbearcoolcabins.com/big-bear-cabin-rentals/peek-view
36,https://www.bigbearcoolcabins.com/big-bear-cabin-rentals/angels-retreat
37,https://www.bigbearcoolcabins.com/big-bear-cabin-rentals/our-happy-place
38,https://www.bigbearcoolcabins.com/big-bear-cabin-rentals/tree-house
39,https://www.bigbearcoolcabins.com/big-bear-cabin-rentals/four-seasons-retreat
40,https://www.bigbearcoolcabins.com/big-bear-cabin-rentals/club-25
41,https://www.bigbearcoolcabins.com/big-bear-cabin-rentals/memory-maker-cabin
42,https://www.bigbearcoolcabins.com/big-bear-cabin-rentals/glenview-getaway
43,https://www.bigbearcoolcabins.com/big-bear-cabin-rentals/bear-hug-hideout
44,https://www.bigbearcoolcabins.com/big-bear-cabin-rentals/all-spruced-and-sugarloafin
45,https://www.bigbearcoolcabins.com/big-bear-cabin-rentals/logey-lakefront
46,https://www.bigbearcoolcabins.com/big-bear-cabin-rentals/pine-forest-cabin
47,https://www.bigbearcoolcabins.com/big-bear-cabin-rentals/owl-cabin
48,https://www.bigbearcoolcabins.com/big-bear-cabin-rentals/villa-pines
49,https://www.bigbearcoolcabins.com/big-bear-cabin-rentals/always-beary-christmas
50,https://www.bigbearcoolcabins.com/big-bear-cabin-rentals/sweet-bear
51,https://www.bigbearcoolcabins.com/big-bear-cabin-rentals/robinhoods-retreat
52,https://www.bigbearcoolcabins.com/big-bear-cabin-rentals/little-bear-retreat
53,https://www.bigbearcoolcabins.com/big-bear-cabin-rentals/sun-bear-cabins
54,https://www.bigbearcoolcabins.com/big-bear-cabin-rentals/reflections
55,https://www.bigbearcoolcabins.com/big-bear-cabin-rentals/falcon-retreat
56,https://www.bigbearcoolcabins.com/big-bear-cabin-rentals/bear-snugglin
57,https://www.bigbearcoolcabins.com/big-bear-cabin-rentals/beary-nice-lakefront
58,https://www.bigbearcoolcabins.com/big-bear-cabin-rentals/cub-house
59,https://www.bigbearcoolcabins.com/big-bear-cabin-rentals/shell-cottage
60,https://www.bigbearcoolcabins.com/big-bear-cabin-rentals/mountain-memories
61,https://www.bigbearcoolcabins.com/big-bear-cabin-rentals/view-remember
62,https://www.bigbearcoolcabins.com/big-bear-cabin-rentals/big-bear-4-seasons-three
63,https://www.bigbearcoolcabins.com/big-bear-cabin-rentals/chalet-snow-summit-0
64,https://www.bigbearcoolcabins.com/big-bear-cabin-rentals/ivy-bear-lakefront
65,https://www.bigbearcoolcabins.com/big-bear-cabin-rentals/cozy-pine-retreat
66,https://www.bigbearcoolcabins.com/big-bear-cabin-rentals/lakeside-cabin-9
67,https://www.bigbearcoolcabins.com/big-bear-cabin-rentals/sun-bear-1
68,https://www.bigbearcoolcabins.com/big-bear-cabin-rentals/summit-getaway
69,https://www.bigbearcoolcabins.com/big-bear-cabin-rentals/roosters-den
70,https://www.bigbearcoolcabins.com/big-bear-cabin-rentals/voges-lake-house-0
71,https://www.bigbearcoolcabins.com/big-bear-cabin-rentals/romantic-getaway
72,https://www.bigbearcoolcabins.com/big-bear-cabin-rentals/merry-beary
73,https://www.bigbearcoolcabins.com/big-bear-cabin-rentals/heart-home
74,https://www.bigbearcoolcabins.com/big-bear-cabin-rentals/fanciful-winters-lake
75,https://www.bigbearcoolcabins.com/big-bear-cabin-rentals/moondance-chalet
76,https://www.bigbearcoolcabins.com/big-bear-cabin-rentals/swiss-chalet
77,https://www.bigbearcoolcabins.com/big-bear-cabin-rentals/summit-cabin-0
78,https://www.bigbearcoolcabins.com/big-bear-cabin-rentals/liberty-summit-chalet
79,https://www.bigbearcoolcabins.com/big-bear-cabin-rentals/bears-lair
80,https://www.bigbearcoolcabins.com/big-bear-cabin-rentals/wonderland
81,https://www.bigbearcoolcabins.com/big-bear-cabin-rentals/serenity
82,https://www.bigbearcoolcabins.com/big-bear-cabin-rentals/dream-team
83,https://www.bigbearcoolcabins.com/big-bear-cabin-rentals/sugar-bear-0
84,https://www.bigbearcoolcabins.com/big-bear-cabin-rentals/vale-vacation
85,https://www.bigbearcoolcabins.com/big-bear-cabin-rentals/knotty-nook
86,https://www.bigbearcoolcabins.com/big-bear-cabin-rentals/getaway
87,https://www.bigbearcoolcabins.com/big-bear-cabin-rentals/humble-hilltop-hideaway
88,https://www.bigbearcoolcabins.com/big-bear-cabin-rentals/sun-bear-2
89,https://www.bigbearcoolcabins.com/big-bear-cabin-rentals/mi-casa-es-su-casa-0
90,https://www.bigbearcoolcabins.com/big-bear-cabin-rentals/pinewood-escape
91,https://www.bigbearcoolcabins.com/big-bear-cabin-rentals/bravo-big-bear-lodge-three
92,https://www.bigbearcoolcabins.com/big-bear-cabin-rentals/sugar-shack
93,https://www.bigbearcoolcabins.com/big-bear-cabin-rentals/bear-cub
94,https://www.bigbearcoolcabins.com/big-bear-cabin-rentals/moonridge-mountain
95,https://www.bigbearcoolcabins.com/big-bear-cabin-rentals/lakefront-cottage
96,https://www.bigbearcoolcabins.com/big-bear-cabin-rentals/lakeside-condo
97,https://www.bigbearcoolcabins.com/big-bear-cabin-rentals/apres-slopes-heaven
98,https://www.bigbearcoolcabins.com/big-bear-cabin-rentals/big-bear-mountain-escape
99,https://www.bigbearcoolcabins.com/big-bear-cabin-rentals/bear-mountain-retreat
100,https://www.bigbearcoolcabins.com/big-bear-cabin-rentals/stargazer
101,https://www.bigbearcoolcabins.com/big-bear-cabin-rentals/alpine-escape
102,https://www.bigbearcoolcabins.com/big-bear-cabin-rentals/evergreen-getaway
103,https://www.bigbearcoolcabins.com/big-bear-cabin-rentals/oak-cabin
104,https://www.bigbearcoolcabins.com/big-bear-cabin-rentals/cornerstone-cabin
105,https://www.bigbearcoolcabins.com/big-bear-cabin-rentals/eagles-den
106,https://www.bigbearcoolcabins.com/big-bear-cabin-rentals/cuddle-inn
107,https://www.bigbearcoolcabins.com/big-bear-cabin-rentals/hillside-haven
108,https://www.bigbearcoolcabins.com/big-bear-cabin-rentals/alpine-haus
109,https://www.bigbearcoolcabins.com/big-bear-cabin-rentals/altitude-adjustment
110,https://www.bigbearcoolcabins.com/big-bear-cabin-rentals/snowridge
111,https://www.bigbearcoolcabins.com/big-bear-cabin-rentals/pineview-heaven
112,https://www.bigbearcoolcabins.com/big-bear-cabin-rentals/fox-n-bear-cottages
113,https://www.bigbearcoolcabins.com/big-bear-cabin-rentals/big-bear-arms
114,https://www.bigbearcoolcabins.com/big-bear-cabin-rentals/cozy-bear-inn
115,https://www.bigbearcoolcabins.com/big-bear-cabin-rentals/falcons-lodge-0
116,https://www.bigbearcoolcabins.com/big-bear-cabin-rentals/peaceful-days
117,https://www.bigbearcoolcabins.com/big-bear-cabin-rentals/smokey-bears-den
118,https://www.bigbearcoolcabins.com/big-bear-cabin-rentals/ski-bunny-lodge
119,https://www.bigbearcoolcabins.com/big-bear-cabin-rentals/slopes-condo
120,https://www.bigbearcoolcabins.com/big-bear-cabin-rentals/spruce-moose
121,https://www.bigbearcoolcabins.com/big-bear-cabin-rentals/chateau-summit
122,https://www.bigbearcoolcabins.com/big-bear-cabin-rentals/camp-run-muk
123,https://www.bigbearcoolcabins.com/big-bear-cabin-rentals/little-yellow-house
124,https://www.bigbearcoolcabins.com/big-bear-cabin-rentals/big-bear-4-seasons-one
125,https://www.bigbearcoolcabins.com/big-bear-cabin-rentals/kit-fox
126,https://www.bigbearcoolcabins.com/big-bear-cabin-rentals/village-hideaway
127,https://www.bigbearcoolcabins.com/big-bear-cabin-rentals/forest-view-castle
128,https://www.bigbearcoolcabins.com/big-bear-cabin-rentals/blue-jay-cabin
129,https://www.bigbearcoolcabins.com/big-bear-cabin-rentals/coy-cottage
130,https://www.bigbearcoolcabins.com/big-bear-cabin-rentals/big-bear-4-seasons-four
131,https://www.bigbearcoolcabins.com/big-bear-cabin-rentals/comfy-cabin
132,https://www.bigbearcoolcabins.com/big-bear-cabin-rentals/affordable-bayside-condo
133,https://www.bigbearcoolcabins.com/big-bear-cabin-rentals/sky-view
134,https://www.bigbearcoolcabins.com/big-bear-cabin-rentals/virtues-reward
135,https://www.bigbearcoolcabins.com/big-bear-cabin-rentals/hiner-haven
136,https://www.bigbearcoolcabins.com/big-bear-cabin-rentals/dreamscape
137,https://www.bigbearcoolcabins.com/big-bear-cabin-rentals/summit-sweetness-b
138,https://www.bigbearcoolcabins.com/big-bear-cabin-rentals/club-12
139,https://www.bigbearcoolcabins.com/big-bear-cabin-rentals/felthaus-family-cabin
140,https://www.bigbearcoolcabins.com/big-bear-cabin-rentals/summit-escape-b
141,https://www.bigbearcoolcabins.com/big-bear-cabin-rentals/chalet-rouge
142,https://www.bigbearcoolcabins.com/big-bear-cabin-rentals/chill-view-cabin
143,https://www.bigbearcoolcabins.com/big-bear-cabin-rentals/alpine-retreat
144,https://www.bigbearcoolcabins.com/big-bear-cabin-rentals/bear-trap-cabin
145,https://www.bigbearcoolcabins.com/big-bear-cabin-rentals/black-bear
146,https://www.bigbearcoolcabins.com/big-bear-cabin-rentals/moose-lodge
147,https://www.bigbearcoolcabins.com/big-bear-cabin-rentals/bravo-big-bear-lodge-0
148,https://www.bigbearcoolcabins.com/big-bear-cabin-rentals/casa-bella
149,https://www.bigbearcoolcabins.com/big-bear-cabin-rentals/peaceful-pines
150,https://www.bigbearcoolcabins.com/big-bear-cabin-rentals/tiger-lily-cabin
151,https://www.bigbearcoolcabins.com/big-bear-cabin-rentals/cozy-bear-retreat
152,https://www.bigbearcoolcabins.com/big-bear-cabin-rentals/apples-delight
153,https://www.bigbearcoolcabins.com/big-bear-cabin-rentals/sweet-haven
154,https://www.bigbearcoolcabins.com/big-bear-cabin-rentals/whispering-spruce
155,https://www.bigbearcoolcabins.com/big-bear-cabin-rentals/enchanted-bear
156,https://www.bigbearcoolcabins.com/big-bear-cabin-rentals/scardino-hideaway
157,https://www.bigbearcoolcabins.com/big-bear-cabin-rentals/lakefront-retreat
158,https://www.bigbearcoolcabins.com/big-bear-cabin-rentals/lake-house-lakefront
159,https://www.bigbearcoolcabins.com/big-bear-cabin-rentals/moonridge-retreat
160,https://www.bigbearcoolcabins.com/big-bear-cabin-rentals/lunas-den-0
161,https://www.bigbearcoolcabins.com/big-bear-cabin-rentals/cozy-loft-cottage
162,https://www.bigbearcoolcabins.com/big-bear-cabin-rentals/club-57
163,https://www.bigbearcoolcabins.com/big-bear-cabin-rentals/sweet-blue-spruce
164,https://www.bigbearcoolcabins.com/big-bear-cabin-rentals/crater-lake-villa
165,https://www.bigbearcoolcabins.com/big-bear-cabin-rentals/hawkins-lake
166,https://www.bigbearcoolcabins.com/big-bear-cabin-rentals/alpine-oasis
167,https://www.bigbearcoolcabins.com/big-bear-cabin-rentals/mcwhinney-poohs-den
168,https://www.bigbearcoolcabins.com/big-bear-cabin-rentals/little-brown-bear
169,https://www.bigbearcoolcabins.com/big-bear-cabin-rentals/adi-boulder-condo
170,https://www.bigbearcoolcabins.com/big-bear-cabin-rentals/wolf-road-retreat
171,https://www.bigbearcoolcabins.com/big-bear-cabin-rentals/abes-cool-cabin
172,https://www.bigbearcoolcabins.com/big-bear-cabin-rentals/relaxy-retreat
173,https://www.bigbearcoolcabins.com/big-bear-cabin-rentals/cozy-cubbyhole
174,https://www.bigbearcoolcabins.com/big-bear-cabin-rentals/cozy-osito
175,https://www.bigbearcoolcabins.com/big-bear-cabin-rentals/cabin-pines
176,https://www.bigbearcoolcabins.com/big-bear-cabin-rentals/bear-mountain-escape-condo
177,https://www.bigbearcoolcabins.com/big-bear-cabin-rentals/mcwhinney-summit-cabin
178,https://www.bigbearcoolcabins.com/big-bear-cabin-rentals/lagonita-bear-view-378
179,https://www.bigbearcoolcabins.com/big-bear-cabin-rentals/big-bear-cabin-4u
180,https://www.bigbearcoolcabins.com/big-bear-cabin-rentals/cabin-big-bear-lake
181,https://www.bigbearcoolcabins.com/big-bear-cabin-rentals/robinson-lodge-0
182,https://www.bigbearcoolcabins.com/big-bear-cabin-rentals/harrisons-hanger
183,https://www.bigbearcoolcabins.com/big-bear-cabin-rentals/grannys-love-shack
184,https://www.bigbearcoolcabins.com/big-bear-cabin-rentals/home-sweet-cabin
185,https://www.bigbearcoolcabins.com/big-bear-cabin-rentals/owls-landing
186,https://www.bigbearcoolcabins.com/big-bear-cabin-rentals/golden-bear
187,https://www.bigbearcoolcabins.com/big-bear-cabin-rentals/happy-bear
188,https://www.bigbearcoolcabins.com/big-bear-cabin-rentals/bear-cabin-retreat
189,https://www.bigbearcoolcabins.com/big-bear-cabin-rentals/grizzly-bear
190,https://www.bigbearcoolcabins.com/big-bear-cabin-rentals/cozy-cottage-two-0
191,https://www.bigbearcoolcabins.com/big-bear-cabin-rentals/bay-breeze-hideaway
192,https://www.bigbearcoolcabins.com/big-bear-cabin-rentals/sun-bear-3
193,https://www.bigbearcoolcabins.com/big-bear-cabin-rentals/bearly-rustic-escape
194,https://www.bigbearcoolcabins.com/big-bear-cabin-rentals/lakeside-cabin-10
195,https://www.bigbearcoolcabins.com/big-bear-cabin-rentals/black-bear-lodge
196,https://www.bigbearcoolcabins.com/big-bear-cabin-rentals/nicoles-happy-place
197,https://www.bigbearcoolcabins.com/big-bear-cabin-rentals/royal-lodge
198,https://www.bigbearcoolcabins.com/big-bear-cabin-rentals/yogi-bears-den
199,https://www.bigbearcoolcabins.com/big-bear-cabin-rentals/five-pines
200,https://www.bigbearcoolcabins.com/big-bear-cabin-rentals/moonridge-cabin-view
201,https://www.bigbearcoolcabins.com/big-bear-cabin-rentals/oak-leaf-cottage
202,https://www.bigbearcoolcabins.com/big-bear-cabin-rentals/bear-lookout
203,https://www.bigbearcoolcabins.com/big-bear-cabin-rentals/catalina-creekside-cabin
204,https://www.bigbearcoolcabins.com/big-bear-cabin-rentals/krauts-hacienda
205,https://www.bigbearcoolcabins.com/big-bear-cabin-rentals/teewinot
206,https://www.bigbearcoolcabins.com/big-bear-cabin-rentals/little-swiss-inn
207,https://www.bigbearcoolcabins.com/big-bear-cabin-rentals/log-cabin-getaway
208,https://www.bigbearcoolcabins.com/big-bear-cabin-rentals/lookout-mountain
209,https://www.bigbearcoolcabins.com/big-bear-cabin-rentals/cozy-bear-cave
210,https://www.bigbearcoolcabins.com/big-bear-cabin-rentals/arctic-fox
211,https://www.bigbearcoolcabins.com/big-bear-cabin-rentals/bright-and-modern-cabin
212,https://www.bigbearcoolcabins.com/big-bear-cabin-rentals/lakeside-cabins
213,https://www.bigbearcoolcabins.com/big-bear-cabin-rentals/club-2
214,https://www.bigbearcoolcabins.com/big-bear-cabin-rentals/retreat-all-seasons
215,https://www.bigbearcoolcabins.com/big-bear-cabin-rentals/gallaghers-west
216,https://www.bigbearcoolcabins.com/big-bear-cabin-rentals/sun-dancer-0
217,https://www.bigbearcoolcabins.com/big-bear-cabin-rentals/bears-den
218,https://www.bigbearcoolcabins.com/big-bear-cabin-rentals/bunkhouse
219,https://www.bigbearcoolcabins.com/big-bear-cabin-rentals/alpine-estate
220,https://www.bigbearcoolcabins.com/big-bear-cabin-rentals/bear-woods-retreat
221,https://www.bigbearcoolcabins.com/big-bear-cabin-rentals/reeves-cabin
222,https://www.bigbearcoolcabins.com/big-bear-cabin-rentals/moonridge-hideaway
223,https://www.bigbearcoolcabins.com/big-bear-cabin-rentals/big-bear-4-seasons-two
224,https://www.bigbearcoolcabins.com/big-bear-cabin-rentals/casey-rose-cabin
225,https://www.bigbearcoolcabins.com/big-bear-cabin-rentals/switzerland
226,https://www.bigbearcoolcabins.com/big-bear-cabin-rentals/casa-del-lago
227,https://www.bigbearcoolcabins.com/big-bear-cabin-rentals/little-bear
228,https://www.bigbearcoolcabins.com/big-bear-cabin-rentals/emerald-moon
229,https://www.bigbearcoolcabins.com/big-bear-cabin-rentals/peak-lane-retreat
230,https://www.bigbearcoolcabins.com/big-bear-cabin-rentals/grizzly-bear-0
231,https://www.bigbearcoolcabins.com/big-bear-cabin-rentals/highland-hideaway
232,https://www.bigbearcoolcabins.com/big-bear-cabin-rentals/vista-ridge
233,https://www.bigbearcoolcabins.com/big-bear-cabin-rentals/summit-ski-condo
234,https://www.bigbearcoolcabins.com/big-bear-cabin-rentals/snowy-evening-lodge
235,https://www.bigbearcoolcabins.com/big-bear-cabin-rentals/lingard-lodge
236,https://www.bigbearcoolcabins.com/big-bear-cabin-rentals/sherwood-forest-chalet
237,https://www.bigbearcoolcabins.com/big-bear-cabin-rentals/ohana-lodge
238,https://www.bigbearcoolcabins.com/big-bear-cabin-rentals/fun-all
239,https://www.bigbearcoolcabins.com/big-bear-cabin-rentals/das-bier-haus
240,https://www.bigbearcoolcabins.com/big-bear-cabin-rentals/brown-bears-den
241,https://www.bigbearcoolcabins.com/big-bear-cabin-rentals/gray-fox
242,https://www.bigbearcoolcabins.com/big-bear-cabin-rentals/boulder-bay-retreat
243,https://www.bigbearcoolcabins.com/big-bear-cabin-rentals/moonridge-sunset-retreat
244,https://www.bigbearcoolcabins.com/big-bear-cabin-rentals/bear-loop-estate
245,https://www.bigbearcoolcabins.com/big-bear-cabin-rentals/alpine-getaway
246,https://www.bigbearcoolcabins.com/big-bear-cabin-rentals/welcome-bearadise
247,https://www.bigbearcoolcabins.com/big-bear-cabin-rentals/3-little-bears-cabin
248,https://www.bigbearcoolcabins.com/big-bear-cabin-rentals/big-bear-4-seasons-five
249,https://www.bigbearcoolcabins.com/big-bear-cabin-rentals/bravo-big-bear-lodge-one
250,https://www.bigbearcoolcabins.com/big-bear-cabin-rentals/bearly-rustic-b
251,https://www.bigbearcoolcabins.com/big-bear-cabin-rentals/wishing-bear-lodge
252,https://www.bigbearcoolcabins.com/big-bear-cabin-rentals/lil-cabin
253,https://www.bigbearcoolcabins.com/big-bear-cabin-rentals/moonridge-cottage
254,https://www.bigbearcoolcabins.com/big-bear-cabin-rentals/summit-adventure
255,https://www.bigbearcoolcabins.com/big-bear-cabin-rentals/cabin-fever
256,https://www.bigbearcoolcabins.com/big-bear-cabin-rentals/alpine-lakefront
257,https://www.bigbearcoolcabins.com/big-bear-cabin-rentals/forest-walk-cabin
258,https://www.bigbearcoolcabins.com/big-bear-cabin-rentals/lakeside-escape-condo
259,https://www.bigbearcoolcabins.com/big-bear-cabin-rentals/log-haven-bear-mountain
260,https://www.bigbearcoolcabins.com/big-bear-cabin-rentals/cottage-pines
261,https://www.bigbearcoolcabins.com/big-bear-cabin-rentals/country-cottage
262,https://www.bigbearcoolcabins.com/big-bear-cabin-rentals/black-kodiak-bear
263,https://www.bigbearcoolcabins.com/big-bear-cabin-rentals/summit-escape
264,https://www.bigbearcoolcabins.com/big-bear-cabin-rentals/ski-and-tee-cabin
265,https://www.bigbearcoolcabins.com/big-bear-cabin-rentals/lakefront-dream
266,https://www.bigbearcoolcabins.com/big-bear-cabin-rentals/cubs-hideaway
267,https://www.bigbearcoolcabins.com/big-bear-cabin-rentals/getaway-chalet
268,https://www.bigbearcoolcabins.com/big-bear-cabin-rentals/jack-tens-resort
269,https://www.bigbearcoolcabins.com/big-bear-cabin-rentals/skys-limit-cabin
270,https://www.bigbearcoolcabins.com/big-bear-cabin-rentals/nannas-cabinet
271,https://www.bigbearcoolcabins.com/big-bear-cabin-rentals/our-first-0
272,https://www.bigbearcoolcabins.com/big-bear-cabin-rentals/frame-mind
273,https://www.bigbearcoolcabins.com/big-bear-cabin-rentals/canyon-cabin
274,https://www.bigbearcoolcabins.com/big-bear-cabin-rentals/big-skye
275,https://www.bigbearcoolcabins.com/big-bear-cabin-rentals/kodiak-bear
276,https://www.bigbearcoolcabins.com/big-bear-cabin-rentals/mountain-chalet
277,https://www.bigbearcoolcabins.com/big-bear-cabin-rentals/all-decked-out
278,https://www.bigbearcoolcabins.com/big-bear-cabin-rentals/lake-cottage
279,https://www.bigbearcoolcabins.com/big-bear-cabin-rentals/summit-escape-lodge
280,https://www.bigbearcoolcabins.com/big-bear-cabin-rentals/apres-pine-heaven
281,https://www.bigbearcoolcabins.com/big-bear-cabin-rentals/boo-boos-retreat-0
282,https://www.bigbearcoolcabins.com/big-bear-cabin-rentals/chalet-georgia
283,https://www.bigbearcoolcabins.com/big-bear-cabin-rentals/avalon
284,https://www.bigbearcoolcabins.com/big-bear-cabin-rentals/gray-arctic-fox
285,https://www.bigbearcoolcabins.com/big-bear-cabin-rentals/bear-lake-cabin
286,https://www.bigbearcoolcabins.com/big-bear-cabin-rentals/make-escape
287,https://www.bigbearcoolcabins.com/big-bear-cabin-rentals/acorn-cottage
288,https://www.bigbearcoolcabins.com/big-bear-cabin-rentals/lakeview-court-castle
289,https://www.bigbearcoolcabins.com/big-bear-cabin-rentals/hidden-asset
290,https://www.bigbearcoolcabins.com/big-bear-cabin-rentals/forever-views-lakefront
291,https://www.bigbearcoolcabins.com/big-bear-cabin-rentals/inyo-phase
292,https://www.bigbearcoolcabins.com/big-bear-cabin-rentals/mountain-bliss
293,https://www.bigbearcoolcabins.com/big-bear-cabin-rentals/rest-n-relax-inn
294,https://www.bigbearcoolcabins.com/big-bear-cabin-rentals/ivy-bear-grand
295,https://www.bigbearcoolcabins.com/big-bear-cabin-rentals/monte-bear-lakefront
296,https://www.bigbearcoolcabins.com/big-bear-cabin-rentals/nut-house-0
297,https://www.bigbearcoolcabins.com/big-bear-cabin-rentals/cozy-moonlight-chalet
298,https://www.bigbearcoolcabins.com/big-bear-cabin-rentals/bear-ski-retreat-townhouse
299,https://www.bigbearcoolcabins.com/big-bear-cabin-rentals/jus-relax-inn
300,https://www.bigbearcoolcabins.com/big-bear-cabin-rentals/trainor-getaway-cabin
301,https://www.bigbearcoolcabins.com/big-bear-cabin-rentals/boulder-bay-lakeside-condo
302,https://www.bigbearcoolcabins.com/big-bear-cabin-rentals/boulder-bay-lakeside-suite-condo
303,https://www.bigbearcoolcabins.com/big-bear-cabin-rentals/all-seasons-chateau
304,https://www.bigbearcoolcabins.com/big-bear-cabin-rentals/bravo-big-bear-lodge-two
305,https://www.bigbearcoolcabins.com/big-bear-cabin-rentals/summit-sweetness-0
306,https://www.bigbearcoolcabins.com/big-bear-cabin-rentals/sleepy-cat-cabin
307,https://www.bigbearcoolcabins.com/big-bear-cabin-rentals/cabin-sweet-cabin
308,https://www.bigbearcoolcabins.com/big-bear-cabin-rentals/bear-lodge-0
309,https://www.bigbearcoolcabins.com/big-bear-cabin-rentals/karins-cottage
310,https://www.bigbearcoolcabins.com/big-bear-cabin-rentals/black-bear-run
311,https://www.bigbearcoolcabins.com/big-bear-cabin-rentals/alpine-jewel
312,https://www.bigbearcoolcabins.com/big-bear-cabin-rentals/club-58
313,https://www.bigbearcoolcabins.com/big-bear-cabin-rentals/cabin-chic
314,https://www.bigbearcoolcabins.com/big-bear-cabin-rentals/ashwood
315,https://www.bigbearcoolcabins.com/big-bear-cabin-rentals/serendipity-haus
316,https://www.bigbearcoolcabins.com/big-bear-cabin-rentals/forest-edge-retreat
317,https://www.bigbearcoolcabins.com/big-bear-cabin-rentals/lakeside-retreat-8
318,https://www.bigbearcoolcabins.com/big-bear-cabin-rentals/baby-bear
319,https://www.bigbearcoolcabins.com/big-bear-cabin-rentals/pine-nest
320,https://www.bigbearcoolcabins.com/big-bear-cabin-rentals/knotty-knight
321,https://www.bigbearcoolcabins.com/big-bear-cabin-rentals/fox-paw
322,https://www.bigbearcoolcabins.com/big-bear-cabin-rentals/chatty-pattys
323,https://www.bigbearcoolcabins.com/big-bear-cabin-rentals/quiet-bay-landing
324,https://www.bigbearcoolcabins.com/big-bear-cabin-rentals/sweet-pine-cabin
325,https://www.bigbearcoolcabins.com/big-bear-cabin-rentals/cozy-castle
326,https://www.bigbearcoolcabins.com/big-bear-cabin-rentals/cabin
327,https://www.bigbearcoolcabins.com/big-bear-cabin-rentals/honey-bear
328,https://www.bigbearcoolcabins.com/big-bear-cabin-rentals/cardinal-ridge
329,https://www.bigbearcoolcabins.com/big-bear-cabin-rentals/best-view
330,https://www.bigbearcoolcabins.com/big-bear-cabin-rentals/bearly-rustic
331,https://www.bigbearcoolcabins.com/big-bear-cabin-rentals/absolute-comfort-chalet
332,https://www.bigbearcoolcabins.com/big-bear-cabin-rentals/bears-trail
333,https://www.bigbearcoolcabins.com/big-bear-cabin-rentals/treetop-retreat
334,https://www.bigbearcoolcabins.com/big-bear-cabin-rentals/bayshore-lake-getaway-condo
335,https://www.bigbearcoolcabins.com/big-bear-cabin-rentals/wolf-view-lodge
336,https://www.bigbearcoolcabins.com/big-bear-cabin-rentals/eagle-mountain-retreat
337,https://www.bigbearcoolcabins.com/big-bear-cabin-rentals/bear-tracks-cabin
338,https://www.bigbearcoolcabins.com/big-bear-cabin-rentals/d-v-retreat
339,https://www.bigbearcoolcabins.com/big-bear-cabin-rentals/mountain-fever
340,https://www.bigbearcoolcabins.com/big-bear-cabin-rentals/reality-escape
341,https://www.bigbearcoolcabins.com/big-bear-cabin-rentals/summit-sweetness
342,https://www.bigbearcoolcabins.com/big-bear-cabin-rentals/snowy-mountain-house
343,https://www.bigbearcoolcabins.com/big-bear-cabin-rentals/summit-view
344,https://www.bigbearcoolcabins.com/big-bear-cabin-rentals/lazy-bear-lodge
345,https://www.bigbearcoolcabins.com/big-bear-cabin-rentals/stay-big-bear
346,https://www.bigbearcoolcabins.com/big-bear-cabin-rentals/sweet-maple-cabin
347,https://www.bigbearcoolcabins.com/big-bear-cabin-rentals/comfy-cubby
348,https://www.bigbearcoolcabins.com/big-bear-cabin-rentals/peaceful-retreat
